Molecule ChEMBL ID,Smiles,pChEMBL Value
CHEMBL4466671,COc1ccc(C2(C(=O)NCCCn3cncc3C)CCCCC2)cc1OC,7.11
CHEMBL3703776,Cc1cn(CCCn2c(=S)[nH]c3ccsc3c2=O)cn1,5.995
CHEMBL3703764,Cc1cn(CCCn2c(=S)[nH]c3c(C)csc3c2=O)cn1,6.02
CHEMBL3703777,Cc1csc2c(=O)n(CCCn3ccnc3)c(=S)[nH]c12,6.44
CHEMBL3703752,Cc1csc2c(=O)n(CCCn3cncc3C)c(=S)[nH]c12,6.77
CHEMBL5287602,Cc1n[nH]c2cc(N(CC3CCCC3)C(=O)NCCCn3cncc3C)ccc12,7.84
CHEMBL5289328,Cc1nn(C)c2cc(N(CC3CCCC3)C(=O)NCCCn3cncc3C)ccc12,8.47
CHEMBL202716,Cc1ccc(OCCCn2ccnc2)cc1,5.11
CHEMBL4076559,COc1cc(NC(=S)NCCCn2cncc2C)ccc1OCCCCNc1ncc(F)cn1,7.76
CHEMBL4075925,COc1cc(NC(=S)NCCCn2cncc2C)ccc1OCCCCNc1ncccn1,8.24
CHEMBL5073074,COc1cc(N(C(=O)NCCCn2cncc2C)C2CCN(C)CC2)ccc1OCCN1CCOCC1,7.48
CHEMBL382778,c1ccc2sc(NCCCn3ccnc3)nc2c1,5.43
CHEMBL381321,Clc1ccc2nc(NCCCn3ccnc3)sc2c1,5.47
CHEMBL383101,COc1cc2nc(NCCCn3ccnc3)sc2cc1OC,5.7
CHEMBL201234,COc1ccc2nc(NCCCn3ccnc3)sc2c1,5.8
CHEMBL112666,S=C(NCCCn1ccnc1)NC1CCCCC1,5.33
CHEMBL3781605,Cc1ccsc1-c1cc(=O)c2c(O)cc(O)cc2o1,4.71
CHEMBL3781389,Cc1ccc(-c2cc(=O)c3c(O)cc(O)cc3o2)s1,4.82
CHEMBL3780826,O=c1cc(-c2cccs2)oc2cc(O)cc(O)c12,4.82
CHEMBL5085825,COc1cc(N(C(=O)NCc2ccc3[nH]cnc3c2)C2CCNCC2)ccc1OCCCCc1ccnc(N)c1,7.7
CHEMBL5081502,COc1cc(N(C(=O)NCc2ccc3[nH]cnc3c2)C2CCN(C)CC2)ccc1OCCCCc1ccnc(N)c1,8.0
CHEMBL3677292,O=C1NC(=O)N(c2ccc3[nH]cnc3c2)C1c1ccc(F)cc1,6.75
CHEMBL3677281,O=C1NC(=O)N(c2ccc3[nH]cnc3c2)C1c1ccccc1,6.755
CHEMBL3677283,O=C1NC(=O)N(c2ccc3[nH]cnc3c2)C1c1cc(C(F)(F)F)ccc1F,6.77
CHEMBL3677286,O=C1NC(=O)N(c2ccc3[nH]cnc3c2)C1c1ccc(Cl)c(C(F)(F)F)c1,6.775
CHEMBL3677289,O=C1NC(=O)N(c2ccc3[nH]cnc3c2)C1c1cccc(Cl)c1,6.86
CHEMBL3677290,O=C1NC(=O)N(c2ccc3[nH]cnc3c2)C1c1ccc(Cl)cc1,6.95
CHEMBL3677284,O=C1NC(=O)N(c2ccc3[nH]cnc3c2)C1c1cc(F)ccc1Br,7.1
CHEMBL3677291,O=C1NC(=O)N(c2ccc3[nH]cnc3c2)C1c1ccccc1Cl,7.21
CHEMBL3677282,Cc1ccc(O)c(C2C(=O)NC(=O)N2c2ccc3[nH]cnc3c2)c1,7.390000000000001
CHEMBL3677285,CCCOc1ccc(C2C(=O)NC(=O)N2c2ccc3[nH]cnc3c2)cc1,7.525
CHEMBL3677287,COc1ccc(C2C(=O)NC(=O)N2c2ccc3[nH]cnc3c2)cc1O,8.5
CHEMBL4062842,COc1cc(NC(=S)NCCCn2cncc2C)ccc1OCCCc1ccc(N)cc1,8.05
CHEMBL5277577,Cc1nn(CCCCc2ccnc(N)c2)c2ccc(NC(=O)NCCCn3cncc3C)cc12,7.94
CHEMBL2392805,Cc1cncn1CCCNC(=S)Nc1ccc2nc[nH]c2c1,6.33
CHEMBL2392807,Cc1cncn1CCCNC(=S)Nc1ccc2ncn(C)c2c1,6.34
CHEMBL4084521,COc1cc(NC(=S)NCCCn2cncc2C)ccc1OCCCCc1ccc(N)cc1,8.08
CHEMBL5084485,COc1cc(N(Cc2ccc(F)cc2)C(=O)NCCCn2cncc2C)ccc1OCCN1CCOCC1,8.59
CHEMBL5289956,Cc1n[nH]c2ccc(N(Cc3ccc(F)cc3)C(=O)NCCCn3cncc3C)cc12,7.85
CHEMBL5266206,Cc1nn(C)c2ccc(N(Cc3ccc(F)cc3)C(=O)NCCCn3cncc3C)cc12,8.52
CHEMBL565694,Cc1csc2c1NC(=S)N(CCCn1ccnc1)C2,6.44
CHEMBL5087075,COc1cc(N(C(=O)NCCCn2cncc2C)c2ccccc2)ccc1OCCN1CCNCC1,8.41
CHEMBL3780173,O=c1cc(-c2ccncc2)oc2cc(O)ccc12,4.58
CHEMBL4590359,COc1ccc(N(Cc2ccc(Cl)cc2)C(=S)NCCCn2cncc2C)cc1OC,8.28
CHEMBL4459792,COc1ccc(N(Cc2ccccc2)C(=S)NCCCn2cncc2C)cc1OC,8.34
CHEMBL4586501,COc1ccc(N(Cc2cccc(Cl)c2)C(=S)NCCCn2cncc2C)cc1OC,8.46
CHEMBL4539841,COc1ccc(N(Cc2cccc(F)c2)C(=S)NCCCn2cncc2C)cc1OC,8.47
CHEMBL4525926,COc1ccc(N(Cc2ccc(F)cc2)C(=S)NCCCn2cncc2C)cc1OC,8.89
CHEMBL5069805,COc1cc(N(C)C(=O)NCCCn2cncc2C)ccc1OCCN1CCNCC1,7.87
CHEMBL5081811,COc1cc(NC(=O)NCCCn2cncc2C)ccc1OCCN1CCNCC1,7.88
CHEMBL5090689,COc1cc(NC(=O)NCCCn2cncc2C)ccc1OCCN1CCN(C)CC1,7.96
CHEMBL5093456,COc1cc(N(C(=O)NCCCn2cncc2C)C(C)C)ccc1OCCN1CCNCC1,8.26
CHEMBL5082895,CCN(C(=O)NCCCn1cncc1C)c1ccc(OCCN2CCNCC2)c(OC)c1,8.32
CHEMBL5094369,COc1cc(N(C(=O)NCCCn2cncc2C)C(C)C)ccc1OCCN1CCN(C)CC1,8.59
CHEMBL3677280,O=C1NC(=O)N(c2ccc3[nH]cnc3c2)C1c1ccc2nsnc2c1,7.69
CHEMBL5085670,COc1cc(N(CC2CCCC2)C(=O)NCCCn2cncc2C)ccc1OCCN1CCN(C)CC1,9.0
CHEMBL5086776,COc1cc(N(CC2CCCC2)C(=O)NCCCn2cncc2C)ccc1OCCN1CCNCC1,9.34
CHEMBL4570337,CCN1CCC(N(C(=O)NCCCn2cncc2C)c2ccc(OC)c(OC)c2)CC1,7.09
CHEMBL4561441,COc1ccc(N(C(=O)NCCCn2cncc2C)C2CCN(C(C)=O)CC2)cc1OC,7.27
CHEMBL5078500,COc1cc(N(C(=O)NCCCn2cncc2C)C2CCN(C)CC2)ccc1OCCCN(C)C,7.81
CHEMBL5091456,COc1cc(N(C(=O)NCCCn2cncc2C)C2CCN(C)CC2)ccc1OCCN(C)C,7.88
CHEMBL4471709,COc1ccc(N(C(=O)NCCCn2cncc2C)C2CCNCC2)cc1OC,8.09
CHEMBL4589039,COc1ccc(N(C(=O)NCCCn2cncc2C)C2CCN(C)CC2)cc1OC,8.21
CHEMBL5089771,COc1cc(N(C(=O)NCCCn2cncc2C)C2CCN(C)CC2)ccc1OCCCCN(C)C,9.15
CHEMBL3963868,Clc1ccc(Nc2nnc(-c3ccc4[nH]cnc4c3)o2)cc1,4.24
CHEMBL3922862,Fc1ccc(Nc2nnc(-c3ccc4[nH]cnc4c3)o2)cc1,4.925
CHEMBL3957056,COc1ccc(Nc2nnc(-c3ccc4[nH]cnc4c3)o2)cc1OC,4.995
CHEMBL2418767,c1ccc(CCc2cnc(-c3ccc4[nH]cnc4c3)s2)cc1,5.59
CHEMBL2418768,c1nc2cc(-c3nnc(CCc4ccc5c(c4)OCO5)o3)ccc2[nH]1,5.98
CHEMBL3674615,O=C1C=C(N2CCCCC2)C(c2ccc(N3CCOCC3)cc2)N1c1ccc2nc[nH]c2c1,7.84
CHEMBL3944986,c1ccc(CSc2nnc(-c3ccc4[nH]cnc4c3)o2)nc1,5.375
CHEMBL577493,O=[N+]([O-])/C=C(\NCCCn1ccnc1)NC1CCCCC1,6.3
CHEMBL574357,Cc1cncn1CCCN/C(=C\[N+](=O)[O-])NC1CCCCC1,7.36
CHEMBL2392796,Cc1cncn1CCCNC(=S)Nc1ccc2c(c1)CCCC2=O,6.32
CHEMBL5186970,COc1ccc(Cn2cnc3cc(-c4nnc(N)s4)ccc32)cc1,6.8
CHEMBL5204178,Nc1nnc(-c2ccc3c(c2)ncn3Cc2ccc(F)cc2)s1,6.81
CHEMBL5178150,Nc1nnc(-c2ccc3c(c2)ncn3Cc2ccc(C(F)(F)F)cc2)s1,6.93
CHEMBL5202004,Nc1nnc(-c2ccc3c(c2)ncn3Cc2ccc(F)c(F)c2)s1,6.96
CHEMBL5194983,Nc1nnc(-c2ccc3c(c2)ncn3Cc2ccc(Cl)c(F)c2)s1,6.97
CHEMBL5207620,COc1cccc(Cn2cnc3cc(-c4nnc(N)s4)ccc32)c1,7.0
CHEMBL5197396,Cc1ccc(Cn2cnc3cc(-c4nnc(N)s4)ccc32)cc1C,7.01
CHEMBL5195495,N#Cc1cccc(Cn2cnc3cc(-c4nnc(N)s4)ccc32)c1,7.24
CHEMBL5190683,COc1ccc(Cn2cnc3cc(-c4nnc(N)s4)ccc32)cc1OC,7.77
CHEMBL201537,O=C1CNC(=S)N1CCCn1ccnc1,6.16
CHEMBL5271452,Cc1cncn1CCCNC(=O)N(Cc1cccnc1)c1ccc2nn(C)c(C)c2c1,6.68
CHEMBL5413227,Cc1ccc2c(C3=C(c4ccc5ccccc5c4)C(=O)NC3=O)cn(CCCn3ccnc3)c2c1,4.97
CHEMBL5416124,COc1ccc2c(c1)c(C1=C(c3ccc4ccccc4c3)C(=O)NC1=O)cn2CCCn1ccnc1,5.3
CHEMBL5408371,O=C1NC(=O)C(c2cn(CCCn3ccnc3)c3cc(Br)ccc23)=C1c1ccc2ccccc2c1,5.4
CHEMBL5425548,O=C1NC(=O)C(c2cn(CCCn3ccnc3)c3ccccc23)=C1c1ccc2ccccc2c1,5.46
CHEMBL5396368,Cc1ccc2c(c1)c(C1=C(c3ccc4ccccc4c3)C(=O)NC1=O)cn2CCCn1ccnc1,5.46
CHEMBL5437713,O=C1NC(=O)C(c2cn(CCCn3ccnc3)c3ccc(Br)cc23)=C1c1ccc2ccccc2c1,5.53
CHEMBL3703782,O=c1c2c3c(sc2[nH]c(=S)n1Cc1ccc2[nH]cnc2c1)CCCC3,4.73
CHEMBL5273104,Cc1nn(C)c2ccc(N(C(=O)NCCCn3cncc3C)C3CCCCC3)cc12,8.36
CHEMBL5279792,Cc1n[nH]c2ccc(N(C(=O)NCCCn3cncc3C)C3CCCCC3)cc12,8.64
CHEMBL4459555,COc1ccc(N(Cc2ccncc2)C(=S)NCCCn2cncc2C)cc1OC,8.25
CHEMBL5268024,Cc1nn(CCCCc2ccnc(N)c2)c2cc(NC(=O)NCCCn3cncc3C)ccc12,7.69
CHEMBL203091,S/C(=N\CCCn1ccnc1)C(c1ccccc1)c1ccccc1,5.35
CHEMBL4586610,COc1ccc(N(C(=O)NCCCn2cncc2C)C2CCC2)cc1OC,7.58
CHEMBL4434757,COc1ccc(N(C(=S)NCCCn2cncc2C)C2CCC2)cc1OC,8.07
CHEMBL4076975,COc1cc(NC(=S)NCCCn2cncc2C)ccc1OCCc1ccncc1,7.63
CHEMBL4074799,COc1cc(NC(=S)NCCCn2cncc2C)ccc1OCCc1ccnc(N)c1,8.26
CHEMBL4206718,COc1cc(NC(=S)NCCCn2cncc2C)ccc1OCCCC(=O)N1CCNCC1,8.15
CHEMBL566321,Cc1cncn1CCCN/C(=N\C#N)Nc1ccc(-c2ccccc2)cc1,7.19
CHEMBL2392783,Cc1cncn1CCCNC(=S)Nc1cccc2ncccc12,6.43
CHEMBL5091080,COc1cc(C2(C(=O)NCc3ccc4[nH]cnc4c3)CCC2)ccc1OCCCCc1ccnc(N)c1,6.33
CHEMBL4579239,COc1ccc(N(C(=O)NCCCn2cncc2C)C2CCN(Cc3ccc(F)cc3)CC2)cc1OC,7.87
CHEMBL4448862,COc1ccc(N(C(=O)NCCCn2cncc2C)C2CCN(Cc3ccccc3)CC2)cc1OC,8.12
CHEMBL5440304,O=C1NC(=O)C(c2cn(CCCn3ccnc3)c3ccc(Br)cc23)=C1c1cccs1,5.98
CHEMBL5091269,COc1cc(N(C(=O)NCCCn2cncc2C)C2CCCCC2)ccc1OCCN1CCOCC1,8.05
CHEMBL4202728,COc1cc(NC(=S)NCCCn2cncc2C)ccc1OCCCC(=O)NC1CCNCC1,7.78
CHEMBL4126383,Cc1cncn1CCCNC(=S)Nc1ccc(/C=C/C(=O)NC2CCNCC2)cc1,7.58
CHEMBL4126533,Cc1cncn1CCCNC(=S)Nc1ccc(/C=C/C(=O)NC2CCN(CCN)CC2)cc1,7.95
CHEMBL5078420,COc1cc(N(C(=O)NCCCn2cncc2C)C2CCC2)ccc1OCCCCc1ccnc(N)c1,8.3
CHEMBL199504,S=C(NCCCn1ccnc1)Nc1cccc2ccccc12,5.55
CHEMBL5181626,S=c1nc(-c2ccc3[nH]cnc3c2)[nH][nH]1,5.66
CHEMBL5288463,Cc1nn(C)c2cc(N(C(=O)NCCCn3cncc3C)C3CCCCC3)ccc12,8.28
CHEMBL5282127,Cc1n[nH]c2cc(N(C(=O)NCCCn3cncc3C)C3CCCCC3)ccc12,8.49
CHEMBL201735,S=C(NCCCn1ccnc1)Nc1ccc2c(c1)OCO2,5.25
CHEMBL2392810,Cc1cncn1CCCNC(=S)Nc1ccc2c(c1)OCO2,6.73
CHEMBL4126747,COc1ccc(NC(=S)NCCCn2cncc2C)cc1OCCC1CCN(C)CC1,7.69
CHEMBL4130158,COc1ccc(NC(=S)NCCCn2cncc2C)cc1OCCC1CCNCC1,8.14
CHEMBL4130012,COc1ccc(NC(=S)NCCCn2cncc2C)cc1OCCCCC1CCNCC1,8.1
CHEMBL5082748,COc1cc(N(C(=O)NCc2ccc3[nH]cnc3c2)C2CCCC2)ccc1OCCCCc1ccnc(N)c1,7.9
CHEMBL5079847,COc1cc(N(Cc2cccnc2)C(=O)NCCCn2cncc2C)ccc1OCCN1CCOCC1,8.36
CHEMBL2418766,c1ccc(CCc2ncc(-c3ccc4[nH]cnc4c3)s2)cc1,4.61
CHEMBL5288578,Cc1nn(CCN2CCN(C)CC2)c2ccc(NC(=O)NCCCn3cncc3C)cc12,7.54
CHEMBL2418795,c1ccc(CCCSc2nnc(-c3ccc4[nH]cnc4c3)o2)cc1,5.23
CHEMBL5069682,COc1ccc(N(C(=S)NCCCn2cncc2C)C2CCN(C)CC2)cc1OC,8.21
CHEMBL2392814,Cc1cncn1CCCNC(=S)Nc1ccc2c(c1)CCCO2,6.68
CHEMBL4063751,COc1cc(NC(=S)NCCCn2cncc2C)ccc1OCCCN1CCCCC1,7.87
CHEMBL4207817,COc1cc(NC(=S)NCCCn2cncc2C)ccc1OCCNC(=O)C1CCNCC1,7.8
CHEMBL565704,S=C1Nc2ccccc2CN1CCCn1ccnc1,6.52
CHEMBL577061,Cc1cn(CCCN2Cc3ccccc3NC2=S)cn1,6.64
CHEMBL567646,Cc1cncn1CCCN1Cc2ccccc2NC1=S,7.75
CHEMBL5094666,COc1cc(C2(C(=O)NCCCn3cncc3C)CCCC2)ccc1OCCCCc1ccnc(N)c1,7.62
CHEMBL4446821,COc1ccc(N(CC2CCCC2)C(=O)NCCCn2cncc2C)cc1OC,8.21
CHEMBL4462968,COc1ccc(N(C(=S)NCCCn2cncc2C)C2CCCCC2)cc1OC,8.33
CHEMBL4578087,COc1ccc(N(C(=S)NCCCn2cncc2C)C2CC2)cc1OC,7.59
CHEMBL201071,COc1ccc(NC(=S)N(C)CCCn2ccnc2)cc1OC,5.32
CHEMBL198290,S=C(NCCCn1ccnc1)Nc1ccccc1,5.35
CHEMBL201301,S=C(NCCCn1ccnc1)Nc1ccc(Cl)cc1,5.91
CHEMBL201747,COc1ccc(NC(=S)NCCCn2ccnc2)cc1OC,6.69
CHEMBL4214145,COc1cc(NC(=S)NCCCn2cncc2C)ccc1OCC(=O)N(C)C,6.93
CHEMBL4212129,COc1cc(NC(=S)NCCCn2cncc2C)ccc1OCC(N)=O,7.05
CHEMBL565917,COc1ccc(NC(=S)NCCCn2cnc(C)c2)cc1OC,7.22
CHEMBL4207782,COc1cc(NC(=S)NCCCn2cncc2C)ccc1OCCCC(N)=O,7.27
CHEMBL4209873,COc1cc(NC(=S)NCCCn2cncc2C)ccc1OCCCC(=O)N(C)C,7.29
CHEMBL4127700,COc1ccc(NC(=S)NCCCn2cncc2C)cc1OCCCCN(C)C,7.33
CHEMBL4102625,COc1cc(NC(=S)NCCCn2cncc2C)ccc1OCCCNC(=N)N,7.38
CHEMBL4071094,COc1cc(NC(=S)NCCCn2cncc2C)ccc1OCCCNC(C)=O,7.39
CHEMBL4065832,COc1cc(NC(=S)NCCCn2cncc2C)ccc1OCCN(C)C,7.41
CHEMBL4061029,CNCCOc1ccc(NC(=S)NCCCn2cncc2C)cc1OC,7.41
CHEMBL4202459,COc1cc(NC(=S)NCCCn2cncc2C)ccc1OCCC(=O)N(C)C,7.45
CHEMBL4093175,COc1cc(NC(=S)NCCCn2cncc2C)ccc1OCCN,7.52
CHEMBL566563,COc1ccc(NC(=S)NCCCn2cncc2C)cc1OC,7.546666666666667
CHEMBL4126468,CNCCCOc1cc(NC(=S)NCCCn2cncc2C)ccc1OC,7.57
CHEMBL4129751,CNCCCCOc1cc(NC(=S)NCCCn2cncc2C)ccc1OC,7.66
CHEMBL4202896,COc1cc(NC(=S)NCCCn2cncc2C)ccc1OCCC(N)=O,7.72
CHEMBL4089521,CNCCCCOc1ccc(NC(=S)NCCCn2cncc2C)cc1OC,7.79
CHEMBL4100893,COc1cc(NC(=S)NCCCn2cncc2C)ccc1OCCCCN,7.86
CHEMBL4097231,COc1cc(NC(=S)NCCCn2cncc2C)ccc1OCCCN(C)C,7.89
CHEMBL4586829,COc1ccc(N(C)C(=S)NCCCn2cncc2C)cc1OC,7.91
CHEMBL4129900,COc1ccc(NC(=S)NCCCn2cncc2C)cc1OCCCN,8.05
CHEMBL4440547,CCN(C(=S)NCCCn1cncc1C)c1ccc(OC)c(OC)c1,8.06
CHEMBL4128529,COc1ccc(NC(=S)NCCCn2cncc2C)cc1OCCCCN,8.06
CHEMBL4127037,COc1ccc(NC(=S)NCCCn2cncc2C)cc1OCCN,8.1
CHEMBL4088456,CNCCCOc1ccc(NC(=S)NCCCn2cncc2C)cc1OC,8.16
CHEMBL4520303,COc1ccc(N(CC(C)C)C(=S)NCCCn2cncc2C)cc1OC,8.17
CHEMBL4082916,COc1cc(NC(=S)NCCCn2cncc2C)ccc1OCCCN,8.28
CHEMBL4070663,COc1cc(NC(=S)NCCCn2cncc2C)ccc1OCCCCN(C)C,8.43
CHEMBL4464130,COc1ccc(N(C(=S)NCCCn2cncc2C)C(C)C)cc1OC,8.55
CHEMBL578155,N#C/N=C(\NCCCn1ccnc1)NCC1CC1,5.86
CHEMBL201392,COc1ccc(NC(=O)NCCCn2ccnc2)cc1OC,6.31
CHEMBL4475055,COc1ccc(NC(=O)NCCCn2cncc2C)cc1OC,6.79
CHEMBL5080708,COc1cc(NC(=O)NCCCn2cncc2C)ccc1OCCN(C)C,6.96
CHEMBL4554520,COc1ccc(N(C)C(=O)NCCCn2cncc2C)cc1OC,7.1
CHEMBL5076741,COc1cc(NC(=O)NCCCn2cncc2C)ccc1OCCCN(C)C,7.29
CHEMBL5084891,COc1cc(NC(=O)NCCCn2cncc2C)ccc1OCCCCN(C)C,7.4
CHEMBL4476133,CCN(C(=O)NCCCn1cncc1C)c1ccc(OC)c(OC)c1,7.57
CHEMBL4469263,COc1ccc(N(C(=O)NCCCn2cncc2C)C(C)C)cc1OC,7.76
CHEMBL4578714,COc1ccc(N(CC(C)C)C(=O)NCCCn2cncc2C)cc1OC,8.12
CHEMBL3703774,Cc1cn(CCCn2c(=S)[nH]c3sc(C)c(-c4ccccc4)c3c2=O)cn1,5.51
CHEMBL3703762,Cc1sc2[nH]c(=S)n(CCCn3cncc3C)c(=O)c2c1-c1ccccc1,6.73
CHEMBL4127544,COc1ccc(NC(=S)NCCCn2cncc2C)cc1OCCCCN1CCNCC1,7.82
CHEMBL2392794,Cc1cncn1CCCNC(=S)Nc1nccc2ccccc12,6.8
CHEMBL3659481,O=C1OC[C@H](c2ccc(N3CCN(c4ccccc4)CC3)cc2)N1c1ccc2nc[nH]c2c1,7.35
CHEMBL3947463,Cc1c(C)c(C)c(CSc2nnc(-c3ccc4[nH]cnc4c3)o2)c(C)c1C,4.640000000000001
CHEMBL3955550,CC(C)(C)c1ccc(CSc2nnc(-c3ccc4[nH]cnc4c3)o2)cc1,5.359999999999999
CHEMBL3911293,Clc1ccc(CSc2nnc(-c3ccc4[nH]cnc4c3)o2)cc1,5.449999999999999
CHEMBL3974413,COc1cc(CSc2nnc(-c3ccc4[nH]cnc4c3)o2)cc(OC)c1OC,5.49
CHEMBL3986946,Fc1cc(CSc2nnc(-c3ccc4[nH]cnc4c3)o2)cc(F)c1F,5.49
CHEMBL3969169,Cc1cc(C)c(CSc2nnc(-c3ccc4[nH]cnc4c3)o2)c(C)c1,5.635
CHEMBL3916473,Fc1ccc(CSc2nnc(-c3ccc4[nH]cnc4c3)o2)cc1,5.665
CHEMBL2418792,c1ccc(CSc2nnc(-c3ccc4[nH]cnc4c3)o2)cc1,5.7375
CHEMBL3958231,Fc1c(F)c(F)c(CSc2nnc(-c3ccc4[nH]cnc4c3)o2)c(F)c1F,5.975
CHEMBL565265,Cc1cncn1CCCN1Cc2cc(Cc3ccccc3)sc2NC1=S,7.7
CHEMBL573682,CN/C(=C/[N+](=O)[O-])NCCCn1ccnc1,4.69
CHEMBL203033,CC(C)(C)/N=C(\S)NCCCn1ccnc1,4.83
CHEMBL202763,C/N=C(\S)NCCCn1ccnc1,4.88
CHEMBL201207,CC(C)/N=C(\S)NCCCn1ccnc1,4.95
CHEMBL201374,CCC/N=C(\S)NCCCn1ccnc1,5.33
CHEMBL584587,CN/C(=N/C#N)NCCCn1ccnc1,5.82
CHEMBL5275094,Cc1n[nH]c2ccc(NC(=O)NCCCn3cncc3C)cc12,6.97
CHEMBL5291411,Cc1nn(C)c2ccc(NC(=O)NCCCn3cncc3C)cc12,8.25
CHEMBL2392789,Cc1cncn1CCCNC(=S)Nc1ccccn1,6.34
CHEMBL565695,S=C1Nc2sc3c(c2CN1CCCn1ccnc1)CCC3,6.21
CHEMBL4130156,COc1ccc(NC(=S)NCCCn2cncc2C)cc1OCCCc1ccnc(N)c1,7.82
CHEMBL5083823,COc1cc(N(C(=O)NCCCn2cncc2C)C(C)C)ccc1OCCN1CCOCC1,7.68
CHEMBL5077702,COc1cc(NC(=O)NCCCn2cncc2C)ccc1OCCN1CCOCC1,7.73
CHEMBL5092834,COc1cc(N(C)C(=O)NCCCn2cncc2C)ccc1OCCN1CCOCC1,7.82
CHEMBL5281802,Cc1n[nH]c2cc(N(C(=O)NCCCn3cncc3C)C3CCN(C)CC3)ccc12,7.27
CHEMBL5267466,Cc1nn(C)c2cc(N(C(=O)NCCCn3cncc3C)C3CCN(C)CC3)ccc12,8.01
CHEMBL4129008,Cc1cncn1CCCNC(=S)Nc1ccc(C(=O)NC2CCN(CCN)CC2)cc1,7.79
CHEMBL4539950,COc1ccc(N(CCN2CCNCC2)C(=O)NCCCn2cncc2C)cc1OC,7.82
CHEMBL2418779,COc1ccc(SCc2nnc(-c3ccc4[nH]cnc4c3)s2)cc1OC,7.36
CHEMBL5075575,COc1cc(N(C(=S)NCCCn2cncc2C)C2CCCCC2)ccc1OCCCCc1ccnc(N)c1,9.22
CHEMBL203035,Fc1ccc(N/C(S)=N/CCCn2ccnc2)cc1,5.33
CHEMBL199540,CCc1ccc(N/C(S)=N/CCCn2ccnc2)cc1,5.56
CHEMBL199515,O=[N+]([O-])c1ccc(N/C(S)=N/CCCn2ccnc2)cc1,5.57
CHEMBL199537,Cc1ccc(N/C(S)=N/CCCn2ccnc2)cc1,5.67
CHEMBL199300,CN(C)c1ccc(N/C(S)=N/CCCn2ccnc2)cc1,5.69
CHEMBL378381,COc1cccc(N/C(S)=N/CCCn2ccnc2)c1,5.73
CHEMBL201195,CC(=O)c1ccc(N/C(S)=N/CCCn2ccnc2)cc1,5.75
CHEMBL382643,CSc1ccc(N/C(S)=N/CCCn2ccnc2)cc1,5.78
CHEMBL201039,CCOc1ccc(N/C(S)=N/CCCn2ccnc2)cc1,6.05
CHEMBL201139,COc1ccc(N/C(S)=N/C[C@H](C)Cn2ccnc2)cc1OC,6.12
CHEMBL383660,COc1cc(N/C(S)=N/CCCn2ccnc2)cc(OC)c1,6.12
CHEMBL201092,COc1ccc(N/C(S)=N/CCCn2ccnc2)cc1,6.16
CHEMBL383022,COc1cc(N/C(S)=N/CCCn2ccnc2)cc(OC)c1OC,6.47
CHEMBL201184,COc1ccc(N/C(S)=N/C[C@@H](C)Cn2ccnc2)cc1OC,6.47
CHEMBL5092800,COc1cc(N(Cc2ccc(F)cc2)C(=O)NCCCn2cncc2C)ccc1OCCN1CCN(C)CC1,8.46
CHEMBL5089285,COc1cc(N(Cc2ccc(F)cc2)C(=O)NCCCn2cncc2C)ccc1OCCN1CCNCC1,8.85
CHEMBL5092802,COc1cc(N(CC2CCCC2)C(=O)NCCCn2cncc2C)ccc1OCCN1CCOCC1,10.0
CHEMBL568073,Cc1cn(CCCN/C(=C\[N+](=O)[O-])Nc2ccc3c(c2)OCCO3)cn1,5.89
CHEMBL565492,O=[N+]([O-])/C=C(\NCCCn1ccnc1)Nc1ccc2c(c1)OCCO2,6.27
CHEMBL565908,Cc1cncn1CCCN/C(=C\[N+](=O)[O-])Nc1ccc2c(c1)OCCO2,7.17
CHEMBL5202172,COc1cc(Cn2cnc3cc(-c4nnc(N)s4)ccc32)ccc1OCCCN1CCOCC1,7.7
CHEMBL4582369,COc1ccc(N(C(=S)NCCCn2cncc2C)C2CCCC2)cc1OC,8.19
CHEMBL5074856,COc1cc(NC(=O)NCCCn2cncc2C)ccc1OCCc1ccnc(N)c1,7.77
CHEMBL2392806,Cc1cncn1CCCNC(=S)Nc1ccc2c(c1)ncn2C,6.15
CHEMBL2418793,c1ccc2cc(CSc3nnc(-c4ccc5[nH]cnc5c4)o3)ccc2c1,5.625
CHEMBL578632,Cc1sc2c(c1-c1ccccc1)CN(CCCn1cncc1C)C(=S)N2,7.08
CHEMBL2418781,c1ccc(CCn2cc(-c3ccc4[nH]cnc4c3)nn2)cc1,6.24
CHEMBL2418783,COc1cccc(CCn2cc(-c3ccc4[nH]cnc4c3)nn2)c1,6.3
CHEMBL2418784,COc1ccc(CCn2cc(-c3ccc4[nH]cnc4c3)nn2)cc1OC,6.485
CHEMBL2418782,COc1ccc(CCn2cc(-c3ccc4[nH]cnc4c3)nn2)cc1,6.585
CHEMBL5193156,COc1cc(Cn2cnc3cc(-c4nnc(N)s4)ccc32)ccc1OCCCN1CCCCC1,7.92
CHEMBL2418799,c1ccc(SCc2nnc(-c3ccc4[nH]cnc4c3)o2)cc1,6.18
CHEMBL5072886,COc1cc(N(C(=O)NCCCn2cncc2C)C2CCCCC2)ccc1OCCN1CCN(C)CC1,7.89
CHEMBL5081653,COc1cc(N(C(=O)NCCCn2cncc2C)C2CCCCC2)ccc1OCCN1CCNCC1,8.82
CHEMBL2392809,Cc1nc2cc(NC(=S)NCCCn3cncc3C)ccc2o1,6.28
CHEMBL2392808,Cc1cncn1CCCNC(=S)Nc1ccc2ocnc2c1,6.32
CHEMBL4127824,COc1ccc(NC(=S)NCCCn2cncc2C)cc1OCCCCc1ccnc(N)c1,7.8
CHEMBL5079535,COc1cc(N(Cc2cccnc2)C(=O)NCc2ccc3[nH]cnc3c2)ccc1OCCCCc1ccnc(N)c1,8.02
CHEMBL4077135,COc1cc(NC(=S)NCCCn2cncc2C)ccc1OCCCC1CCN(C)CC1,7.7
CHEMBL4073599,COc1cc(NC(=S)NCCCn2cncc2C)ccc1OCCCC1CCNCC1,8.14
CHEMBL382344,COc1ccc(/N=C(\S)CCCCn2ccnc2)cc1OC,6.0
CHEMBL4128856,Cc1cncn1CCCNC(=S)Nc1ccc(OCC(=O)NCc2ccnc(N)c2)cc1,7.25
CHEMBL4524440,COc1ccc(N(C(=O)NCCCn2cncc2C)C2CC2)cc1OC,7.42
CHEMBL5201318,Cc1ccc(Cn2cnc3ccc(-c4nnc(N)s4)cc32)cc1C,5.34
CHEMBL5196273,Nc1nnc(-c2ccc3ncn(Cc4ccc(F)cc4)c3c2)s1,5.38
CHEMBL5194882,N#Cc1cccc(Cn2cnc3ccc(-c4nnc(N)s4)cc32)c1,5.42
CHEMBL5196169,COc1cccc(Cn2cnc3ccc(-c4nnc(N)s4)cc32)c1,5.44
CHEMBL5172975,Nc1nnc(-c2ccc3ncn(Cc4ccc(C(F)(F)F)cc4)c3c2)s1,5.47
CHEMBL5169588,COc1ccc(Cn2cnc3ccc(-c4nnc(N)s4)cc32)cc1,5.6
CHEMBL5196820,Nc1nnc(-c2ccc3ncn(Cc4ccc(Cl)c(F)c4)c3c2)s1,5.8
CHEMBL5194144,Nc1nnc(-c2ccc3ncn(Cc4ccc(F)c(F)c4)c3c2)s1,5.82
CHEMBL5198938,COc1ccc(Cn2cnc3ccc(-c4nnc(N)s4)cc32)cc1OC,6.77
CHEMBL4210669,COc1cc(NC(=S)NCCCn2cncc2C)ccc1OCCN1CCN(c2ncc(Cl)cn2)CC1,7.17
CHEMBL4203427,COc1cc(NC(=S)NCCCn2cncc2C)ccc1OCCN1CCN(c2ncc(F)cn2)CC1,7.39
CHEMBL4215098,COc1cc(NC(=S)NCCCn2cncc2C)ccc1OCCN1CCN(c2ncccn2)CC1,7.92
CHEMBL2392816,Cc1cncn1CCCNC(=S)Nc1ccc2c(c1)OCCN2,5.97
CHEMBL3703775,Cc1cn(CCCn2c(=S)[nH]c3sc(Cc4ccccc4)cc3c2=O)cn1,5.745
CHEMBL3640026,Cc1cncn1CCCn1c(=S)[nH]c2sc(Cc3ccccc3)cc2c1=O,7.369999999999999
CHEMBL3703763,Cc1cn(CCCn2c(=S)[nH]c3ccccc3c2=O)cn1,6.125
CHEMBL1490888,O=c1c2ccccc2[nH]c(=S)n1CCCn1ccnc1,6.52
CHEMBL3703751,Cc1cncn1CCCn1c(=S)[nH]c2ccccc2c1=O,7.49
CHEMBL2392778,Cc1cncn1CCCNC(=S)Nc1ccc2ncccc2c1,6.53
CHEMBL4090608,COc1cc(NC(=S)NCCCn2cncc2C)ccc1OCCC1CCNCC1,7.86
CHEMBL4207248,COc1cc(NC(=S)NCCCn2cncc2C)ccc1OCCC1CCN(CCN)CC1,7.97
CHEMBL4215626,COc1cc(NC(=S)NCCCn2cncc2C)ccc1OCCC1CCN(CCO)CC1,8.05
CHEMBL4093071,COc1cc(NC(=S)NCCCn2cncc2C)ccc1OCCC1CCN(C)CC1,8.34
CHEMBL4560536,COc1ccc(N(CCc2ccnc(N)c2)C(=O)NCCCn2cncc2C)cc1OC,7.43
CHEMBL4216695,COc1cc(NC(=S)NCCCn2cncc2C)ccc1Oc1ccc(N2CCN(C)CC2)cc1,7.77
CHEMBL4204845,COc1cc(NC(=S)NCCCn2cncc2C)ccc1Oc1ccc(N2CCN(CCO)CC2)cc1,7.79
CHEMBL4212913,COc1cc(NC(=S)NCCCn2cncc2C)ccc1Oc1ccc(N2CCN(CCN)CC2)cc1,7.92
CHEMBL4215483,COc1cc(NC(=S)NCCCn2cncc2C)ccc1Oc1ccc(N2CCNCC2)cc1,8.07
CHEMBL4519348,COc1ccc(C2(C(=O)NCCCn3cncc3C)CCC2)cc1OC,7.43
CHEMBL4462495,Cn1cnnc1C1CCN(c2ncccc2-c2ccc(F)nc2)CC1,7.74
CHEMBL2390975,Cc1cncn1CCCNC(=S)Nc1ccc2c(c1)OCCC2,6.32
CHEMBL3677296,O=C1NC(=S)C(c2ccc(F)c(F)c2F)N1c1ccc2nc[nH]c2c1,6.6899999999999995
CHEMBL3677297,O=C1NC(=S)C(c2ccc(Br)cc2F)N1c1ccc2nc[nH]c2c1,7.904999999999999
CHEMBL201011,C[C@@H](/C(S)=N/CCCn1ccnc1)c1ccccc1,5.13
CHEMBL203411,C[C@H](/C(S)=N/CCCn1ccnc1)c1ccccc1,5.46
CHEMBL382268,COc1ccc(C/C(S)=N/CCCn2ccnc2)cc1OC,6.41
CHEMBL436954,S=C(NCCCn1ccnc1)C1(c2ccc(Cl)cc2)CCCC1,5.13
CHEMBL3659478,CCCOc1ccc(C2CNC(=O)N2c2ccn3ccnc3c2)cc1,6.76
CHEMBL5086703,COc1cc(C2(C(=O)NCCCn3cncc3C)CCC2)ccc1OCCCCc1ccnc(N)c1,7.96
CHEMBL5186424,Nc1nnc(-c2ccc3ncn(Cc4ccc5c(c4)OCO5)c3c2)s1,5.75
CHEMBL201574,S=C(NCCCn1ccnc1)Nc1ccc(OCc2ccccc2)cc1,6.01
CHEMBL4127982,Cc1cncn1CCCNC(=S)Nc1ccc(OCCCCc2ccnc(N)c2)cc1,7.61
CHEMBL4070421,COc1cc(NC(=S)NCCCn2cncc2C)ccc1OCCCCc1ccnc(NC(C)=O)c1,7.72
CHEMBL4093854,COc1cc(NC(=S)NCCCn2cncc2C)ccc1OCCCCc1cc(N)nc(N)c1,7.82
CHEMBL4208430,CNc1cc(CCCCOc2ccc(NC(=S)NCCCn3cncc3C)cc2OC)ccn1,7.87
CHEMBL5085678,CCN(C(=S)NCCCn1cncc1C)c1ccc(OCCCCc2ccnc(N)c2)c(OC)c1,7.96
CHEMBL4093243,COc1cc(NC(=S)NCCCn2cncc2C)ccc1OCCCCc1ccncc1,8.04
CHEMBL5079317,COc1cc(N(C)C(=S)NCCCn2cncc2C)ccc1OCCCCc1ccnc(N)c1,8.05
CHEMBL4203546,COc1cc(NC(=S)NCCCn2cncc2C)ccc1OCCCCc1ccnc(NCCO)c1,8.06
CHEMBL4097599,COc1cc(NC(=S)NCCCn2cncc2C)ccc1OCCCCc1ccnc(N)c1,8.35
CHEMBL4204093,COc1cc(NC(=S)NCCCn2cncc2C)ccc1OCCCCc1ccnc(NCCN)c1,8.74
CHEMBL5085353,COc1cc(NC(=S)N(CCCn2cncc2C)C(C)C)ccc1OCCCCc1ccnc(N)c1,9.52
CHEMBL4212704,COc1cc(NC(=S)NCCCn2cncc2C)ccc1OCC(=O)N1CCN(CCO)CC1,7.31
CHEMBL4213636,COc1cc(NC(=S)NCCCn2cncc2C)ccc1OCC(=O)N1CCNCC1,7.82
CHEMBL4130284,Cc1cncn1CCCNC(=S)Nc1ccc(OCC(=O)N2CCNCC2)cc1,7.94
CHEMBL4216476,COc1cc(NC(=S)NCCCn2cncc2C)ccc1OCC(=O)N1CCN(CCN)CC1,8.11
CHEMBL2418771,FC(F)(F)c1ccc(C(F)(F)F)c(CCc2nnc(-c3ccc4[nH]cnc4c3)o2)c1,4.57
CHEMBL2418770,FC(F)(F)c1ccc(CCc2nnc(-c3ccc4[nH]cnc4c3)o2)cc1,5.54
CHEMBL2418769,Fc1ccc(CCc2nnc(-c3ccc4[nH]cnc4c3)o2)c(F)c1,5.75
CHEMBL2418797,c1ccc(CCc2nnc(-c3ccc4[nH]cnc4c3)o2)cc1,5.800000000000001
CHEMBL2418802,COc1ccc(CCc2nnc(-c3ccc4[nH]cnc4c3)o2)c(OC)c1,5.82
CHEMBL2418801,COc1ccc(CCc2nnc(-c3ccc4[nH]cnc4c3)o2)cc1OC,6.0
CHEMBL2418803,COc1cccc(CCc2nnc(-c3ccc4[nH]cnc4c3)o2)c1OC,6.07
CHEMBL5083519,COc1cc(N(C(=S)NCCCn2cncc2C)C2CCC2)ccc1OCCCCc1ccnc(N)c1,9.1
CHEMBL2392797,Cc1cncn1CCCNC(=S)Nc1ccc2c(c1)C(=O)CCC2,6.1
CHEMBL5275966,Cc1cncn1CCCNC(=O)N(Cc1ccc(F)cc1)c1ccc2cn[nH]c2c1,7.18
CHEMBL5282930,CCCn1ncc2ccc(N(Cc3ccc(F)cc3)C(=O)NCCCn3cncc3C)cc21,7.21
CHEMBL5283072,Cc1cncn1CCCNC(=O)N(Cc1ccc(F)cc1)c1ccc2cnn(C)c2c1,7.54
CHEMBL5269831,Cc1n[nH]c2cc(N(Cc3ccc(F)cc3)C(=O)NCCCn3cncc3C)ccc12,7.96
CHEMBL5266674,Cc1nn(C)c2cc(N(Cc3ccc(F)cc3)C(=O)NCCCn3cncc3C)ccc12,8.64
CHEMBL4470900,COc1ccc(C(Cc2ccccc2)C(=O)NCCCn2cncc2C)cc1OC,7.41
CHEMBL3677295,O=C1NC(=S)C(c2ccc(Cl)cc2)N1c1ccc2[nH]cnc2c1,6.965
CHEMBL3677298,Cc1ccc(C2C(=S)NC(=O)N2c2ccc3[nH]cnc3c2)c(F)c1F,7.12
CHEMBL5276913,Cc1cncn1CCCNC(=O)N(Cc1ccc(F)cc1)c1ccc2c(C)n(C)nc2c1,7.81
CHEMBL565480,O=[N+]([O-])/C=C(\NCCCn1ccnc1)Nc1cccc2ccccc12,6.28
CHEMBL565907,Cc1cncn1CCCN/C(=C\[N+](=O)[O-])Nc1cccc2ccccc12,7.38
CHEMBL4443747,COc1ccc(N(C(=O)NCCCn2cncc2C)C2CCN(c3ccccc3)CC2)cc1OC,7.79
CHEMBL2418764,c1ccc(CCc2nc(-c3ccc4[nH]cnc4c3)no2)cc1,5.625
CHEMBL4129225,COc1ccc(NC(=S)NCCCn2cncc2C)cc1OCCCCc1ncccn1,7.82
CHEMBL3703765,Cc1cn(CCCn2c(=S)[nH]c3sc4c(c3c2=O)CCCC4)cn1,6.0
CHEMBL3703771,Cc1cn(CCCn2c(=S)[nH]c3sc4c(c3c2=O)CCC(C)C4)cn1,6.0
CHEMBL3703778,O=c1c2c3c(sc2[nH]c(=S)n1CCCn1ccnc1)CCCC3,6.47
CHEMBL3703759,Cc1cncn1CCCn1c(=S)[nH]c2sc3c(c2c1=O)CCC(C)C3,6.955
CHEMBL3703753,Cc1cncn1CCCn1c(=S)[nH]c2sc3c(c2c1=O)CCCC3,7.355
CHEMBL5285365,O=C(O)Cc1ccc(-n2cnnc2)cc1,5.29
CHEMBL5174441,Nc1nnc(-c2ccc3[nH]cnc3c2)s1,6.72
CHEMBL3703769,Cc1cn(CCCn2c(=S)[nH]c3sc(-c4ccccc4)cc3c2=O)cn1,5.54
CHEMBL3703757,Cc1cncn1CCCn1c(=S)[nH]c2sc(-c3ccccc3)cc2c1=O,7.295
CHEMBL5081316,COc1cc(N(Cc2cccnc2)C(=O)NCCCn2cncc2C)ccc1OCCN(C)C,6.71
CHEMBL5085635,COc1cc(N(Cc2cccnc2)C(=O)NCCCn2cncc2C)ccc1OCCCN(C)C,7.47
CHEMBL4469107,COc1ccc(N(Cc2ccc(Cl)nc2)C(=O)NCCCn2cncc2C)cc1OC,7.49
CHEMBL4445955,COc1ccc(N(Cc2ccc(F)nc2)C(=O)NCCCn2cncc2C)cc1OC,7.51
CHEMBL4474239,COc1ccc(N(Cc2ccc(N)nc2)C(=O)NCCCn2cncc2C)cc1OC,7.63
CHEMBL5083871,COc1cc(N(Cc2cccnc2)C(=O)NCCCn2cncc2C)ccc1OCCCCN(C)C,7.89
CHEMBL4567619,COc1ccc(N(Cc2cccnc2)C(=O)NCCCn2cncc2C)cc1OC,8.06
CHEMBL4438809,COc1ccc(N(C(=O)NCCCn2cncc2C)C2CCN(Cc3cccnc3)CC2)cc1OC,7.63
CHEMBL5395317,Cc1ccc2c(C3=C(c4ccccc4[N+](=O)[O-])C(=O)NC3=O)cn(CCCn3ccnc3)c2c1,4.16
CHEMBL5434053,COc1ccccc1C1=C(c2cn(CCCn3ccnc3)c3cc(Br)ccc23)C(=O)NC1=O,4.66
CHEMBL5399860,Cc1ccc(C2=C(c3cn(CCCn4ccnc4)c4cc(C)ccc34)C(=O)NC2=O)cc1,4.92
CHEMBL5431187,COc1ccc2c(C3=C(c4ccccc4F)C(=O)NC3=O)cn(CCCn3ccnc3)c2c1,4.96
CHEMBL5403557,COc1ccc2c(c1)c(C1=C(c3ccccc3[N+](=O)[O-])C(=O)NC1=O)cn2CCCn1ccnc1,5.0
CHEMBL5440396,COc1ccc2c(c1)c(C1=C(c3ccc(C)cc3)C(=O)NC1=O)cn2CCCn1ccnc1,5.05
CHEMBL5419581,CC(C)(C)c1ccc(C2=C(c3cn(CCCn4ccnc4)c4ccc(Br)cc34)C(=O)NC2=O)cc1,5.09
CHEMBL5404640,COc1ccccc1C1=C(c2cn(CCCn3ccnc3)c3ccc(C)cc23)C(=O)NC1=O,5.09
CHEMBL5401424,COc1ccc(C2=C(c3cn(CCCn4ccnc4)c4ccccc34)C(=O)NC2=O)cc1,5.13
CHEMBL5411871,COc1ccccc1C1=C(c2cn(CCCn3ccnc3)c3ccccc23)C(=O)NC1=O,5.13
CHEMBL5423339,COc1ccc(C2=C(c3cn(CCCn4ccnc4)c4cc(C)ccc34)C(=O)NC2=O)cc1,5.15
CHEMBL5402699,O=C1NC(=O)C(c2cn(CCCn3ccnc3)c3ccc(Br)cc23)=C1c1cc(C(F)(F)F)cc(C(F)(F)F)c1,5.16
CHEMBL5396759,COc1ccccc1C1=C(c2cn(CCCn3ccnc3)c3ccc(Br)cc23)C(=O)NC1=O,5.18
CHEMBL5432523,COc1ccc(C2=C(c3cn(CCCn4ccnc4)c4ccc(C)cc34)C(=O)NC2=O)cc1,5.21
CHEMBL5397959,COc1ccc(C2=C(c3cn(CCCn4ccnc4)c4ccc(OC)cc34)C(=O)NC2=O)cc1,5.23
CHEMBL5406211,Cc1ccc(C2=C(c3cn(CCCn4ccnc4)c4ccc(C)cc34)C(=O)NC2=O)cc1,5.26
CHEMBL5432557,Cc1ccccc1C1=C(c2cn(CCCn3ccnc3)c3ccc(Br)cc23)C(=O)NC1=O,5.29
CHEMBL5417729,O=C1NC(=O)C(c2cn(CCCn3ccnc3)c3cc(Br)ccc23)=C1c1ccccc1F,5.32
CHEMBL5426638,O=C1NC(=O)C(c2cn(CCCn3ccnc3)c3ccc(Br)cc23)=C1c1ccccc1F,5.33
CHEMBL5424881,Cc1ccc2c(c1)c(C1=C(c3ccc(F)cc3)C(=O)NC1=O)cn2CCCn1ccnc1,5.36
CHEMBL5439681,Cc1ccc(C2=C(c3cn(CCCn4ccnc4)c4ccccc34)C(=O)NC2=O)cc1,5.36
CHEMBL5422902,COc1ccc2c(c1)c(C1=C(c3ccccc3C)C(=O)NC1=O)cn2CCCn1ccnc1,5.36
CHEMBL5421548,O=C1NC(=O)C(c2cn(CCCn3ccnc3)c3ccc(Br)cc23)=C1c1ccccc1[N+](=O)[O-],5.37
CHEMBL5409837,Cc1ccccc1C1=C(c2cn(CCCn3ccnc3)c3ccccc23)C(=O)NC1=O,5.38
CHEMBL5410629,Cc1ccccc1C1=C(c2cn(CCCn3ccnc3)c3cc(Br)ccc23)C(=O)NC1=O,5.42
CHEMBL5436993,Cc1ccc2c(c1)c(C1=C(c3ccccc3C)C(=O)NC1=O)cn2CCCn1ccnc1,5.42
CHEMBL5432131,Cc1ccc2c(c1)c(C1=C(c3ccccc3[N+](=O)[O-])C(=O)NC1=O)cn2CCCn1ccnc1,5.44
CHEMBL5413978,COc1ccc2c(c1)c(C1=C(c3ccccc3F)C(=O)NC1=O)cn2CCCn1ccnc1,5.44
CHEMBL5412373,Cc1ccc(C2=C(c3cn(CCCn4ccnc4)c4cc(Br)ccc34)C(=O)NC2=O)cc1,5.46
CHEMBL5395945,Cc1ccc2c(c1)c(C1=C(c3ccccc3F)C(=O)NC1=O)cn2CCCn1ccnc1,5.47
CHEMBL5440008,COc1ccc(C2=C(c3cn(CCCn4ccnc4)c4ccc(Br)cc34)C(=O)NC2=O)cc1OC,5.5
CHEMBL5405586,O=C1NC(=O)C(c2cn(CCCn3ccnc3)c3cc(Br)ccc23)=C1c1ccc(F)cc1,5.55
CHEMBL4442650,O=C1NC(=O)C(c2cn(CCCn3ccnc3)c3ccccc23)=C1c1ccccc1,5.55
CHEMBL5415003,COc1ccc(C2=C(c3cn(CCCn4ccnc4)c4cc(Br)ccc34)C(=O)NC2=O)cc1,5.59
CHEMBL5436334,O=C1NC(=O)C(c2cn(CCCn3ccnc3)c3ccc(Br)cc23)=C1c1ccc(F)cc1,5.59
CHEMBL5402529,COc1ccc2c(c1)c(C1=C(c3ccccc3OC)C(=O)NC1=O)cn2CCCn1ccnc1,5.61
CHEMBL5425419,O=C1NC(=O)C(c2cn(CCCn3ccnc3)c3ccccc23)=C1c1ccccc1F,5.62
CHEMBL5403701,Cc1cc(C)c(C2=C(c3cn(CCCn4ccnc4)c4ccc(Br)cc34)C(=O)NC2=O)c(C)c1,5.63
CHEMBL5398463,O=C1NC(=O)C(c2cn(CCCn3ccnc3)c3ccc(Br)cc23)=C1c1cc(F)c(F)cc1F,5.63
CHEMBL5425787,COc1ccc(C2=C(c3cn(CCCn4ccnc4)c4ccc(Br)cc34)C(=O)NC2=O)cc1,5.63
CHEMBL5403368,O=C1NC(=O)C(c2cn(CCCn3ccnc3)c3ccccc23)=C1c1ccccc1[N+](=O)[O-],5.65
CHEMBL5418046,Cc1ccc(C2=C(c3cn(CCCn4ccnc4)c4ccc(Br)cc34)C(=O)NC2=O)cc1,5.68
CHEMBL5396027,O=C1NC(=O)C(c2cn(CCCn3ccnc3)c3ccc(Br)cc23)=C1c1ccccc1,5.75
CHEMBL5418413,O=C1NC(=O)C(c2cn(CCCn3ccnc3)c3ccccc23)=C1c1ccc(F)cc1,5.87
CHEMBL5426515,COc1ccc2c(c1)c(C1=C(c3ccc(F)cc3)C(=O)NC1=O)cn2CCCn1ccnc1,6.44
CHEMBL4090828,COc1cc(NC(=S)NCCCn2cncc2C)ccc1OCCCCN1CCCCC1,7.9
CHEMBL4085595,COc1cc(NC(=S)NCCCn2cncc2C)ccc1OCCCN1CCOCC1,7.85
CHEMBL5088872,COc1cc(N(C(=O)NCCCn2cncc2C)C2CCCCC2)ccc1OCCCCc1ccnc(N)c1,8.44
CHEMBL2418785,c1cc(CSc2nnc(-c3ccc4[nH]cnc4c3)o2)ccn1,6.0
CHEMBL3674616,O=C1CC(=O)N(c2ccc3nc[nH]c3c2)C1c1ccc(N2CCOCC2)cc1,7.529999999999999
CHEMBL5074791,COc1cc(C2(C(=O)NCc3ccc4[nH]cnc4c3)CCCC2)ccc1OCCCCc1ccnc(N)c1,6.16
CHEMBL4074894,COc1cc(NC(=S)NCCCn2cncc2C)ccc1OCCCCc1cccc(N)n1,7.71
CHEMBL5277817,Cc1cncn1CCCNC(=O)N(Cc1ccc(F)cc1)c1ccc2nn(C)c(C)c2c1,7.64
CHEMBL201399,S=C(NCCCn1ccnc1)C1(c2ccc(Cl)cc2)CCC1,5.31
CHEMBL294878,O=c1cc(-c2ccc(O)cc2)oc2cc(O)ccc12,4.34
CHEMBL3780601,CCc1ccc(-c2cc(=O)c3c(O)cc(O)cc3o2)cc1,4.43
CHEMBL59589,O=c1cc(-c2ccccc2F)oc2cc(O)cc(O)c12,4.46
CHEMBL3780401,COc1cccc(-c2cc(=O)c3c(O)cc(O)cc3o2)c1OC,4.55
CHEMBL3781737,CN(C)c1ccc(-c2cc(=O)c3ccc(O)cc3o2)cc1,4.78
CHEMBL3781227,Cc1cccc(-c2cc(=O)c3c(O)cc(O)cc3o2)c1,4.79
CHEMBL3780265,CCOc1ccc(-c2cc(=O)c3c(O)cc(O)cc3o2)cc1,4.85
CHEMBL4577303,COc1ccc(N(C(=O)NCCCn2cncc2C)c2nccs2)cc1OC,7.0
CHEMBL201187,COc1ccc(C/N=C(\S)NCCCn2ccnc2)cc1OC,5.81
CHEMBL4206893,COc1cc(NC(=S)NCCCn2cncc2C)ccc1OCCC(=O)N1CCNCC1,8.11
CHEMBL5092266,COc1cc(N(Cc2cccnc2)C(=O)NCCCn2cncc2C)ccc1OCCN1CCNCC1,8.42
CHEMBL5076836,COc1cc(N(Cc2cccnc2)C(=O)NCCCn2cncc2C)ccc1OCCN1CCN(C)CC1,8.49
CHEMBL4213886,COc1cc(NC(=S)NCCCn2cncc2C)ccc1OCc1ccc(C2CCNCC2)cc1,8.21
CHEMBL4128944,COc1ccc(NC(=S)NCCCn2cncc2C)cc1OCCCN1CCNCC1,7.8
CHEMBL5083460,COc1cc(N(C(=O)NCc2ccc3[nH]cnc3c2)C2CCC2)ccc1OCCCCc1ccnc(N)c1,8.05
CHEMBL4127604,Cc1cncn1CCCNC(=S)Nc1ccc(/C=C/C(=O)N2CCNCC2)cc1,7.71
CHEMBL4127764,Cc1cncn1CCCNC(=S)Nc1ccc(/C=C/C(=O)N2CCN(CCN)CC2)cc1,8.19
CHEMBL5286536,Cc1nn(C)c2cc(N(Cc3cccnc3)C(=O)NCCCn3cncc3C)ccc12,7.18
CHEMBL5268178,Cc1n[nH]c2cc(N(Cc3cccnc3)C(=O)NCCCn3cncc3C)ccc12,7.59
CHEMBL2392812,Cc1cncn1CCCNC(=S)Nc1ccc2c(c1)CCO2,6.36
CHEMBL4214577,COc1cc(NC(=S)NCCCn2cncc2C)ccc1Oc1ccc(C2CCNCC2)cc1,8.0
CHEMBL5274513,Cc1cncn1CCCNC(=O)N(Cc1cccnc1)c1ccc2c(C)n(C)nc2c1,7.36
CHEMBL201032,S=C(NCCCn1ccnc1)NC1CC2C=CC1C2,5.44
CHEMBL280998,Oc1ccccc1O,5.3
CHEMBL5085226,COc1cc(N(C(=S)NCCCn2cncc2C)C2CCCC2)ccc1OCCCCc1ccnc(N)c1,9.3
CHEMBL5089539,COc1cc(N(C(=O)NCCCn2cncc2C)C2CCN(C)CC2)ccc1OCCc1ccnc(N)c1,8.42
CHEMBL5175865,COc1ccc(Cn2ncc3cc(-c4nnc(N)s4)ccc32)cc1OC,6.7
CHEMBL4587761,COc1ccc(CC(=O)NCCCn2cncc2C)cc1OC,6.74
CHEMBL4466213,COc1ccc(C(C)C(=O)NCCCn2cncc2C)cc1OC,6.95
CHEMBL4533601,COc1ccc(C(C)(C)C(=O)NCCCn2cncc2C)cc1OC,7.11
CHEMBL5078932,COc1cc(N(C(=O)NCCCn2cncc2C)C2CCCC2)ccc1OCCCCc1ccnc(N)c1,8.16
CHEMBL4206681,COc1cc(NC(=S)NCCCn2cncc2C)ccc1OCc1ccc(N2CCNCC2)cc1,7.94
CHEMBL382390,COc1ccc(/N=C(\S)NCCCn2ccnc2)c(OC)c1,6.25
CHEMBL4451831,COc1ccc(N(C(=O)NCCCn2cncc2C)C2CCCC2)cc1OC,7.71
CHEMBL5091813,COc1cc(C(C)(C)C(=O)NCc2ccc3[nH]cnc3c2)ccc1OCCCCc1ccnc(N)c1,7.62
CHEMBL2392813,Cc1cncn1CCCNC(=S)Nc1ccc2c(c1)OCC2,6.39
CHEMBL5281059,Cc1nn(CCN2CCN(C)CC2)c2cc(NC(=O)NCCCn3cncc3C)ccc12,7.15
CHEMBL4075609,COc1cc(NC(=S)NCCCn2cncc2C)ccc1OCCCCc1cncnc1,7.67
CHEMBL4092890,COc1cc(NC(=S)NCCCn2cncc2C)ccc1OCCCCc1cnc(N)nc1,7.74
CHEMBL2392800,Cc1cncn1CCCn1c(=O)[nH]c2ccccc2c1=O,6.91
CHEMBL203195,COc1ccc(C2(C(=S)NCCCn3ccnc3)CC2)cc1OC,7.05
CHEMBL578798,COc1ccc(C2(C(=S)NCCCn3cnc(C)c3)CC2)cc1OC,7.39
CHEMBL583368,COc1ccc(C2(C(=S)NCCCn3cncc3C)CC2)cc1OC,8.59
CHEMBL4209292,COc1cc(NC(=S)NCCCn2cncc2C)ccc1OCCCN1CCN(CCO)CC1,7.63
CHEMBL4098332,COc1cc(NC(=S)NCCCn2cncc2C)ccc1OCCCN1CCN(C)CC1,7.93
CHEMBL4081803,COc1cc(NC(=S)NCCCn2cncc2C)ccc1OCCCN1CCNCC1,7.94
CHEMBL4212160,COc1cc(NC(=S)NCCCn2cncc2C)ccc1OCCCN1CCN(CCN)CC1,8.42
CHEMBL4217140,COc1cc(NC(=S)NCCCn2cncc2C)ccc1OCCCCN1CCN(CCN)CC1,8.07
CHEMBL4062645,COc1cc(NC(=S)NCCCn2cncc2C)ccc1OCCCCN1CCN(C)CC1,8.09
CHEMBL4099813,COc1cc(NC(=S)NCCCn2cncc2C)ccc1OCCCCN1CCNCC1,8.32
CHEMBL4216611,COc1cc(NC(=S)NCCCn2cncc2C)ccc1OCCCCN1CCN(CCO)CC1,8.32
CHEMBL4100758,COc1cc(NC(=S)NCCCn2cncc2C)ccc1OCCCCN1CCOCC1,8.04
CHEMBL2392787,Cc1cncn1CCCNC(=S)Nc1ccc2scnc2c1,5.91
CHEMBL5409643,O=C1NC(=O)C(c2cn(CCCn3ccnc3)c3ccccc23)=C1c1c[nH]c2ccccc12,5.37
CHEMBL3659476,CCCOc1ccc([C@@H]2CNC(=O)N2c2ccc3nc[nH]c3c2)cc1,6.456
CHEMBL3659475,CCCOc1ccc(C2CNC(=O)N2c2ccc3nc[nH]c3c2)cc1,6.76
CHEMBL3677293,O=C1NC(=O)N(c2ccc3[nH]cnc3c2)C1c1ccc2c(c1)OCCO2,7.38
CHEMBL4445143,COc1ccc(N(CC2CCCC2)C(=S)NCCCn2cncc2C)cc1OC,8.39
CHEMBL5174554,Nc1nnc(-c2ccc3c(c2)ncn3Cc2ccc3c(c2)OCO3)s1,6.7
CHEMBL4081649,COc1cc(NC(=S)NCCCn2cncc2C)ccc1OCCNc1ncccn1,7.41
CHEMBL4126320,COc1ccc(NC(=S)NCCCn2cncc2C)cc1OCCN1CCNCC1,7.74
CHEMBL4209874,COc1cc(NC(=S)NCCCn2cncc2C)ccc1OCCN1CCN(Cc2ccccc2)CC1,7.9
CHEMBL5079568,COc1cc(C2(C(=O)NCCCn3cncc3C)CC2)ccc1OCCCCc1ccnc(N)c1,8.12
CHEMBL4448966,COc1ccc(C(Cc2cccnc2)C(=O)NCCCn2cncc2C)cc1OC,7.09
CHEMBL3703772,Cc1cn(CCCn2c(=S)[nH]c3sc4c(c3c2=O)CCCCC4)cn1,5.65
CHEMBL3703760,Cc1cncn1CCCn1c(=S)[nH]c2sc3c(c2c1=O)CCCCC3,7.24
CHEMBL5088413,COc1cc(N(CC2CCCC2)C(=O)NCCCn2cncc2C)ccc1OCCCCc1ccnc(N)c1,8.47
CHEMBL3677288,O=C1NC(=O)N(c2ccc3[nH]cnc3c2)C1c1ccc(-c2ccccc2)cc1,7.8500000000000005
CHEMBL2392788,Cc1cncn1CCCNC(=S)Nc1ccc2ncsc2c1,6.31
CHEMBL2392799,Cc1cncn1CCCNC(=S)Nc1ccc2c(c1)C(O)CCC2,6.09
CHEMBL2392798,Cc1cncn1CCCNC(=S)Nc1ccc2c(c1)CCCC2O,6.29
CHEMBL4065599,COc1cc(NC(=S)NCCCn2cncc2C)ccc1OCCCCc1cccnc1,7.7
CHEMBL2418788,CSc1nnc(-c2ccc3[nH]cnc3c2)o1,4.68
CHEMBL2418790,CCCCCCCCSc1nnc(-c2ccc3[nH]cnc3c2)o1,4.82
CHEMBL2418789,CCSc1nnc(-c2ccc3[nH]cnc3c2)o1,4.92
CHEMBL3941653,Sc1nnc(-c2ccc3[nH]cnc3c2)o1,5.109999999999999
CHEMBL2418791,C=CCSc1nnc(-c2ccc3[nH]cnc3c2)o1,5.21
CHEMBL2418787,CN(C)C(=O)CSc1nnc(-c2ccc3[nH]cnc3c2)o1,5.58
CHEMBL2418786,OCCSc1nnc(-c2ccc3[nH]cnc3c2)o1,5.69
CHEMBL4086721,COc1cc(NC(=S)NCCCn2cncc2C)ccc1OCCCNc1ncc(F)cn1,7.73
CHEMBL4059704,COc1cc(NC(=S)NCCCn2cncc2C)ccc1OCCCNc1ncccn1,7.76
CHEMBL3642575,CSc1ccc(CN(Cc2ccc(N(C)C)cc2)c2ccc3nc[nH]c3c2)cc1,5.68
CHEMBL3642574,COc1cc(F)c(CN(Cc2ccc(SC)cc2)c2ccc3nc[nH]c3c2)cc1OC,5.88
CHEMBL3642568,COc1cccc(CN(Cc2cccc(OC)c2)c2ccc3nc[nH]c3c2)c1,5.885
CHEMBL3642567,Cc1ccc(CN(Cc2ccc(C)cc2)c2ccc3nc[nH]c3c2)cc1,5.93
CHEMBL3642573,COc1cc(CN(Cc2ccc(SC)cc2)c2ccc3nc[nH]c3c2)cc(OC)c1,5.975
CHEMBL3642569,CSc1ccc(CN(Cc2ccccc2)c2ccc3nc[nH]c3c2)cc1,6.0
CHEMBL3642570,CSc1ccc(CN(Cc2ccc(C)cc2)c2ccc3nc[nH]c3c2)cc1,6.015
CHEMBL3642572,COc1cccc(CN(Cc2ccc(SC)cc2)c2ccc3nc[nH]c3c2)c1,6.035
CHEMBL3642571,COc1ccc(CN(Cc2ccc(SC)cc2)c2ccc3nc[nH]c3c2)cc1,6.145
CHEMBL4063399,Cc1cn(CCCNc2ccccc2-c2cccc(F)c2)cn1,4.81
CHEMBL4073798,Fc1ccc(-c2ccccc2NCCCn2ccnc2)cc1,5.52
CHEMBL4078102,COc1ccc(-c2ccc(C)cc2NCCCn2cnc(C)c2)cc1OC,5.59
CHEMBL4083232,COc1ccc(-c2ccccc2NCCCn2ccnc2)cc1OC,5.675
CHEMBL4073041,Cc1ccc(-c2ccc(F)cc2)c(NCCCn2cnc(C)c2)c1,5.79
CHEMBL4068968,Fc1ccc(-c2c(F)cccc2NCCCn2ccnc2)cc1,5.81
CHEMBL4064101,COc1ccc(-c2cccc(F)c2NCCCn2ccnc2)cc1OC,5.86
CHEMBL4102373,COc1ccc(-c2cc(C)ccc2NCCCn2cnc(C)c2)cc1OC,6.03
CHEMBL4068882,COc1ccc(-c2ccccc2NCCCn2cnc(C)c2)cc1OC,6.05
CHEMBL4083469,Cc1cn(CCCNc2cccc(F)c2-c2ccc(F)cc2)cn1,6.06
CHEMBL4076098,Cc1cccc(NCCCn2ccnc2)c1-c1ccc(F)cc1,6.08
CHEMBL4101461,Cc1cn(CCCNc2cccc(C)c2-c2ccc(F)cc2)cn1,6.1
CHEMBL4064459,COc1ccc(-c2c(C)cccc2NCCCn2cnc(C)c2)cc1OC,6.16
CHEMBL4081943,COc1ccc(-c2c(C)cccc2NCCCn2ccnc2)cc1OC,6.19
CHEMBL4102009,COc1ccc(-c2cccc(F)c2NCCCn2cnc(C)c2)cc1OC,6.3
CHEMBL4093740,Cc1cn(CCCNc2ccccc2-c2ccc(F)cc2)cn1,6.59
CHEMBL4585964,COc1ccc(N(Cc2cccc(F)c2)C(=O)NCCCn2cncc2C)cc1OC,7.69
CHEMBL5084322,COc1cc(N(Cc2ccc(F)cc2)C(=O)NCCCn2cncc2C)ccc1OCCN(C)C,7.74
CHEMBL4452351,COc1ccc(N(Cc2ccccc2)C(=O)NCCCn2cncc2C)cc1OC,7.88
CHEMBL4475906,COc1ccc(N(Cc2cccc(Cl)c2)C(=O)NCCCn2cncc2C)cc1OC,7.89
CHEMBL4520053,COc1ccc(N(Cc2ccc(Cl)cc2)C(=O)NCCCn2cncc2C)cc1OC,7.9
CHEMBL5090870,COc1cc(N(Cc2ccc(F)cc2)C(=O)NCCCn2cncc2C)ccc1OCCCN(C)C,7.92
CHEMBL5082884,COc1cc(N(Cc2ccc(F)cc2)C(=O)NCCCn2cncc2C)ccc1OCCCCN(C)C,8.1
CHEMBL4448303,COc1ccc(N(Cc2ccc(F)cc2)C(=O)NCCCn2cncc2C)cc1OC,8.41
CHEMBL5077524,COc1cc(N(Cc2ccccc2)C(=O)NCc2ccc3[nH]cnc3c2)ccc1OCCCCc1ccnc(N)c1,7.67
CHEMBL5088100,COc1cc(N(Cc2ccc(F)cc2)C(=O)NCc2ccc3[nH]cnc3c2)ccc1OCCCCc1ccnc(N)c1,8.47
CHEMBL5181839,COc1cc(Cn2cnc3cc(-c4nnc(N)s4)ccc32)ccc1OCCCc1ccccn1,7.75
CHEMBL2392779,Cc1cncn1CCCNC(=S)Nc1ccc2cccnc2c1,6.12
CHEMBL5268584,Cc1cncn1CCCNC(=O)N(CC1CCCCC1)c1ccc2nn(C)c(C)c2c1,7.5
CHEMBL2418765,c1ccc(CCc2nnc(-c3ccc4[nH]cnc4c3)[nH]2)cc1,5.66
CHEMBL4205893,COc1cc(NC(=S)NCCCn2cncc2C)ccc1OCCC(=O)NC1CCNCC1,8.26
CHEMBL4099260,COc1cc(NC(=S)NCCCn2cncc2C)ccc1OCCc1ccc(N)cc1,8.11
CHEMBL5072318,COc1cc(C2(C(=O)NCc3ccc4[nH]cnc4c3)CC2)ccc1OCCCCc1ccnc(N)c1,7.38
CHEMBL203202,S=C(NCCCn1ccnc1)Nc1ccc2c(c1)OCCO2,5.95
CHEMBL2392817,Cc1cncn1CCCNC(=S)Nc1ccc2c(c1)OCCO2,7.24
CHEMBL4102431,COc1cc(NC(=S)NCCCn2cncc2C)ccc1OCCCCC1CCN(C)CC1,7.91
CHEMBL4082802,COc1cc(NC(=S)NCCCn2cncc2C)ccc1OCCCCC1CCNCC1,8.11
CHEMBL2392793,Cc1cncn1CCCNC(=S)Nc1ccc2ccccc2n1,6.47
CHEMBL5277759,Cc1nn(C)c2ccc(N(Cc3cccnc3)C(=O)NCCCn3cncc3C)cc12,7.88
CHEMBL568072,Cc1cn(CCCN/C(=N\C#N)Nc2ccc3c(c2)OCCO3)cn1,5.78
CHEMBL567615,N#C/N=C(\NCCCn1ccnc1)Nc1ccc2c(c1)OCCO2,6.21
CHEMBL574356,Cc1cncn1CCCN/C(=N\C#N)Nc1ccc2c(c1)OCCO2,6.89
CHEMBL4065376,COc1cc(NC(=S)NCCCn2cncc2C)ccc1OCCN1CCCCC1,7.61
CHEMBL3659482,COc1ccc([C@H]2c3ccccc3C(=O)N2c2ccc3nc[nH]c3c2)cc1OC,6.9
CHEMBL3659483,CCCOc1ccc([C@H]2c3ccccc3C(=O)N2c2ccc3nc[nH]c3c2)cc1,6.925000000000001
CHEMBL2392784,Cc1cncn1CCCNC(=S)Nc1ccc2nccnc2c1,5.52
CHEMBL4062616,COc1cc(NC(=S)NCCCn2cncc2C)ccc1OCCN1CCOCC1,7.9
CHEMBL3659477,CCCOc1ccc([C@H]2CNC(=O)N2c2ccc3[nH]cnc3c2)cc1,7.22
CHEMBL3956476,c1cncc(CSc2nnc(-c3ccc4[nH]cnc4c3)o2)c1,5.025
CHEMBL5076908,COc1cc(N(C(=O)NCc2ccc3[nH]cnc3c2)C2CCCCC2)ccc1OCCCCc1ccnc(N)c1,8.4
